id,cv_text
1,"PANG YU HON, EDWIN\
Wong Tai Sin, Hong Kong | Contact Number: \
CAREER OBJECTIVE\
Over 10 years of experience in Project Management in both client and contractor side is looking for a challenging\
position as a Project Manager to use my skills in the best possible way for achieving the company’s goals.\
SUMMARY OF SKILLS\
? Project planning and development\
? Design and space planning\
? Time management\
? Budgeting and forecasting\
? Risk management\
? Process improvement\
? Cross functional team management\
? Effective problem solver\
? MS office/ AutoCAD/ PS/ AI\
CAREER HISTORY\
FREELANCER\
Jul 2020 – Recent\
Major Project Handled\
? BURBERRY – Design and construction drawing preparation for China project\
? Marathon Sports – Space planning and construction for new image renovation\
? I.T. – Project management for reinstatement project\
SENIOR PROJECT MANAGER\
PROJECT MANAGER\
ELEMENT TECHNOLOGIES AND SUPPLIES LIMITED (Design and Build Contractor)\
Jan 2015 – May 2020\
Jul 2013 – Jan 2015\
Employment History\
? Oversee and manage 20+ projects/year in Hong Kong, Macau and overseas\
? Work closely with client’s project team, design team and consultant to ensure the projects are aligned with\
brand standard and guideline\
? Act as a consultant to provide advices and solutions to client for improving quality, cost and time\
? Handle site meeting and coordinate reports, drawings and documentations\
? Responsible person for tendering and budgeting\
? Build up, develop and lead a team of 6 across project management, design and maintenance\
? Monitor budget cost, schedule, drawings, site activities and quality to ensure the profitability, efficient and\
performance\
? Monitor the fixtures quality and schedule fabricate in China factory\
? Review and analyze project cost and efficient as a result of increasing 300% project revenue in 3 years\
? Mentored team members, provide leadership of technical direction, resolve conflicts and conduct performance\
reviews\
Distinguished Projects Handled\
? Shiseido – IFC, Times Square and Festival Walk\
? Laura Mercier – 1st Retail Shop in Hong Kong\
? Amorepacific – Laneige, Etude House 12days Stores Renovation\
? L\'Occitane Spa – Pacific Place\
? L\'Occitane Cafe – 1st F&B project of Client\
? L\'Occitane – 1st Retail Shop in Cambodia\
? Sime Darby – Chai Wan BMW, Mini Cooper and Mclaren showroom & service center\
FACILITIES OFFICER\
SWIRE RESOURCES LIMITED (In-house ~ Wholesale/Retail industries)\
Sep 2009 – Jun 2013\
Employment History\
? Focus on new design projects\
? Collaborate with cross- functional teams to manage projects from conception to completion\
? Develop project programs and enforce delivery of items according to key milestones and due dates\
? Prepare tender document and handle on-site meeting\
? Implement established project guidelines and requirements for new and existing stores\
? Ensure that all relevant parties are kept updated and issues and potential solutions are flagged at the earliest\
opportunity\
? Analyze and identify problems in construction processes and highlight issues to appropriate people\
Distinguished Projects Handled\
? Gigasports – Pacific Place and Harbour City\
? Marathon Sports – New Concept and renovation\
? Adidas Original – First Franchise retail shop in Hong Kong\
INTERIOR DESIGNER\
GDA DESIGNS\
Apr 2008 – Apr 2009\
INTERIOR DESIGNER\
ANDY TONG CREATIONS\
Sep 2007 – Feb 2008\
INTERIOR DESIGNER\
KINGWOOD INTERNATIONAL\
Aug 2006 – Aug 2007\
INTERIOR DESIGNER\
COTIK ENGINEERING\
Apr 2005 – Jul 2006\
EDUCATION\
THE CHINESE UNIVERSITY OF HONG KONG\
INNOVATION AND DESIGN ENGINEERING\
FINE ARTS\
AVAILABILITY\
Immediate Available\
EXPECTED AND LAST MONTH SALARY\
Expected Salary: HK$45000\
Last Salary: HK$38500 + Discretionary Bonus (~3months)\
Sep 2001 – Jun 2005\
"
2,"PARAS HOODA\https://www.linkedin.com/in/parashooda\
Personal Summary\
An Agile Coach, Scrum Master and a Certified Agile Practitioner with over 13 years of global experience in Banking & Finance and Document\
technology domains. I’m big on system integration, transformation, business processes and agile projects with specialization in planning,\
testing, and impediment elimination. Looking forward to work as Scrum Master/Agile Coach with growth mind-set teams\
Education\
Bachelor of Engineering (B.E.) – Computer Science (Honours Degree)\
Career Institute of Technology and Management (CITM), Faridabad -India\
Certified ScrumMaster\
Scrum Alliance\
Certified SAFe Agilist\
Scaled Agile Inc.\
2002 – 2006\
2018 – 2022\
2019 – 2022\
Work Experience\
Kontoor Brands, Inc., Hong Kong\
Feb ’20 – Aug ’20\
Kontoor Brands is a global lifestyle apparel company, with a portfolio of some of the world’s most iconic denim brands: Wrangler® and Lee®.\
We design, manufacture and distribute superior high-quality products that look good and fit right, giving people around the world the freedom\
and confidence to express themselves\
Project Manager (Agile Coach & Project Manager)\
•\
•\
•\
•\
•\
•\
•\
•\
•\
•\
Implementing SAFe practices to synchronize the work spread across multiple vendor team (Infra/Dev) to improve the overall efficiency\
and avoid any delays in meeting the deadline\
Accountable for Scrum Events for multiple Vendor teams spread across US, India, China and Hong Kong: Sprint Planning, Daily Scrum,\
Sprint Review and Retrospective\
Train & on-board new Scrum Masters\
Facilitating Product Backlog Grooming sessions with Product Owner & team.\
Conducting Agile training for Product Owner which help them to build & maintain Product backlog and also provide them clarity while\
setting the Goal for the Scrum team.\
Conducting Agile training across multiple Vendor teams. Also making sure that the sessions, are fun & interactive in order to build Agile\
mindset & culture.\
Ensure ‘Retrospective Comments’ are being shared with the Stakeholders & track ‘Action items’ against ‘Retrospective Comments’\
Managing Production and Rehearsal Plan for 57 application (BI Reports, SAP, Lotus notes)\
Responsible for Project Plan of 17 Power BI reports\
Facilitating PI Planning meeting on regular interval\
Capco, Hong Kong\
Oct ’19 to Feb ‘20\
Capco is a leading global business and technology management consultancy firm with a focus on financial services\
Senior Consultant (Agile Coach & Project Manager)\
•\
Implementing Agile model in a Banking project\
•\
Being core member of Agile COE, I have created multiple white paper documents for my organization such as contribution of thought\
leadership to agile, how to design effective training when introducing agile to the company, how to assure IT/ data security can uphold\
the highest priority with agile development\
•\
Project Manager for a Capco Finance Project. For Capco Hong Kong Offices I worked autonomously to reduce Operational costs such as\
procurement of office supplies, bench needs etc. by at least 15% on or before April 2020. I developed Project Charter, CTQ Tree and\
SIPOC which was approved by Stakeholders\
Xerox, India & US\
Jan ’15 to Nov ‘18\
Worked across products under XSM (Xerox Server Manger) such as XIS (Xerox Integration Server), OEBB, KryP, BKRP, Supply Network.\
Web Services were developed for each integration in order to make communication with XSM.\
Project Manager & Scrum\
•\
Facilitated Project Management activities (track, monitor, address risks) across 3 teams which were geographically distributed\
•\
Responsible for Global Release & Governance under the Program Manager\
•\
Accountable for Scrum Events: Sprint Planning, Daily Scrum, Sprint Review and Retrospective\
•\
Track & address impediments on daily basis and bring them to closure.\
•\
Ensure ‘Retrospective Comments’ are being shared with the Stakeholders & track ‘Action items’ against ‘Retrospective Comments’\
•\
•\
•\
•\
•\
•\
Train & on-board new Scrum Masters\
Resolve internal team conflicts and maintain good communication between 3 teams\
Participate in ‘Scrum of Scrum’ meetings twice every week and provide updates from 3 teams managed by me\
Participate in ‘Release Scrum of Scrum’ meeting every week\
Ensure that the slicing is done correctly adhering to the concept of ‘Vertical Slicing’ and make sure that all the team members\
understand the significance of ‘Vertical Slicing’ which improves ‘Team Velocity’\
Help team in providing Story points and sharing real time estimates/roadmap for delivery with the stakeholders\
•\
•\
•\
Facilitate ‘Grooming’ sessions and ensure that all the team members participate actively\
Slicing PBI (Product Backlog Item), Creating SBI (Sprint Backlog Item)\
Supported regression of Supply Network Integration for over 2 months at Rochester, NY, USA\
SunGard, India\
Nov ’11 to Jun ’14\
SunGard is an American multinational company which provides software and services to financial services.\
Senior Quality Analyst\
•\
Automation Testing:\
• Worked across products under Ambit Risk and Performance suite such as ALM (Asset/ Liability/ Management), Budgeting,\
Optimist and Profitability\
• Created automated Test Cases using VB scripts in Test complete 10.2\
• Maintained existing Test cases which includes fixing the code with the latest changes in the functionality\
• Validated fixes by running them both on local environment and on Team city (build management software)\
•\
Performance Testing:\
• Created and parameterized performance test cases for multiple products using Stress Stimulus\
• Prepared setup for test cases which includes number of users, operating system, filters, authentication, and load distribution\
•\
Executed the recorded test cases and analysed the results. Prepared reports based on result analysis. Manual/ Functional Testing:\
• Created Scrum product backlog (to-do metrics)\
• Scrum planning which includes story selection, time estimates and resource allocation\
• Daily Scrum Board maintenance\
• Created Test Cases. Created Local environment with the latest Build and then did execution\
Barclays, India\
Apr ’11 to Nov ’11\
Test Analyst\
•\
Vendor Management\
•\
Sprint Planning and Sprint Review meetings\
•\
Determine Release Plan of Project for Senior Management\
•\
Prioritization of Product Owner list (comprising of Tasks), as Managers were not responsible for making decisions for team\
•\
Worked simultaneously over CR’s (Change Request) and PR’s (Problem Report) raised by the Client\
•\
Worked across multiple releases and sprints at the same time (being more experienced resource of the Team)\
•\
Conducted Brown bag and Knowledge Transfer sessions for team over functional areas, PR’s, CR’s\
Accenture, India\
Apr ’07 to Apr ’11\
Software Engineer\
•\
Worked for clients such as FFIC (Fireman’s Fund Insurance Company which is now Allianz), Barclays, Bank of America.\
•\
Worked on Insurance, Retail and Mortgage applications for Banking customers\
•\
Identified Scope of Testing and Performed IVR (Interactive Voice Recognition) testing for BOFA (Bank of America) client\
•\
Responsible for integration of Live System with other components for Barclays (client)\
•\
Got early promotion with second highest ratings for three consecutive years\
•\
Certified Application Developer from Massachusetts Institute of Technology, Cambridge, Massachusetts, USA\
Additional Information\
•\
•\
•\
•\
IT Skills: Good knowledge of financial applications and systems, Printing Industry, R Programming, Data Analysis, Integration\
systems, APIs, Certified ScrumMaster (Certificate ID: 000771852)\
International Experience: United States of America. Valid Business Visa till Jan’25, Hong Kong Visa (Valid for working)\
Community service: Volunteer Lead – Dog Shelter and Care; Working with Sanjay Gandhi Animal Care Centre for adoption\
Interests: Distance running (7 half marathons finisher including Standard Chartered Mumbai twice, Airtel Delhi twice and Pink\
Marathon once); Solving Mathematical puzzles and questions; any outdoor sport fuels my interest; Swimming (beginner).\
"
3,"Chen Xu chenxu@gmail.com\
Big Data Engineer\
Skill Matrix:\
Skills Required\
Years of Experience\
Total Experience\
> 10 Years\
Big Data Engineer\
5 Years\
Python or Scala; shell scripting\
>10 Years\
+Test automation, CI / CD\
7 Years\
Experience with modern version control\
systems, such as Git\
3 years for Git\
Designing and developing REST or\
GraphQL APIs\
2 Years\
Infrastructure tooling and automation\
5 Years\
Experience with data modeling\
> 10 Years\
AWS, including services such as\
EMR/Spark, Kinesis, RedShift, RDS,\
DynamoDB, Athena, Lambda,\
CloudWatch, IAM, etc.\
3 Years\
Chen Xu\
Big Data Engineer\
Personal Information:\
Date of Birth\
: 06/02/1983\
Nationality\
: Chinese\
Gender\
: Male\
Language\
: Cantonese and English\
Education Background\
Ph. D. in Physics\
B.S. in Physics\
CFA\
Univ. of Delaware, IceCube Neutrino Observatory\
Univ. of Science and Technology of China\
CFA Institute\
2005.07 – 2012.02\
2001.09 – 2005.06\
2016.02\
Working Experience\
CREDIT SUISSE, Hong Kong\
2018.08 – 2019.10\
Data Scientist\
Stock Loan Data Analytics. Build a data warehouse and analytics platform to drive the stock loan\
trading business. Develop models to assist traders in analyzing the firm’s inventory, pricing\
mechanism, borrow cost, utilization rate, inter-company transactions and forecast the P&L and\
dividend. The project is completed way ahead of schedule. Some key contributions to business are:\
- Increase data reliability and forecasting accuracy by integrating relevant data from various regions.\
- Accelerate the computation process from over ½ day to real-time by using advanced algorithms.\
- Lower the cost and increase trading profits by automating the decision-making processes.\
- Provide traders with risk metrics pre-actively so they can take preventative actions.\
Central Risk Data Analytics. Build a high-performance analytics platform for central risk book\
trading. The platform uses KDB and PySpark technology to:\
- Ensure the accuracy market data and internal order data and compliance to regulatory rules in\
execution.\
- Back-test the order matching strategy to improve the matching rate.\
- Validate the order matching satisfies the NBBO rule and other regulatory requirements.\
- Identify toxic trades and alert traders.\
ORTUS CAPITAL, Hong Kong\
2017.04 – 2018.06\
Quant Researcher\
Developed a new trading platform to support a new business to trade China commodity futures for the firm.\
Expanded the firm’s experience in dealing with the China’s markets. Standardized procedures to acquire,\
clean, explain data and apply exchange rules in China stocks and commodity futures.\
Built collaborations with China partners to reduce latency and improve accuracy in trading.\
Made investment recommendations to portfolio managers.\
Q4 Inc., New York, NY\
2017.01 – 2017.03\
Quant Developer (Part time)\
Built machine learning models to forecast potential changes in company holdings that achieved 70%\
accuracy.\
Analyzed institutional investors’ behavior based on fundamental data and explained to clients.\
Jefferies Investment Advisers, New York, NY\
2014.06 – 2016.09\
Quant Researcher\
Generated alphas in US equity and futures that contributed to the firm’s alpha pool. Developed\
systematic trading strategies that combined fundamental and technical indicators.\
Extended the firm’s trading framework to integrate technical and fundamental signals so more\
sophisticated strategies could be tested.\
Implemented machine learning algorithms to solve investment problems.\
Designed and implemented execution algorithms for intraday trading of the firm.\
WorldQuant LLC, Old Greenwich, CT\
2012.02 – 2014.04\
Software Engineer\
Automated the equity trading system in tens of markets globally to reduce run time from 2 hours to 30\
minutes.\
Extended the equity trading system for futures to onboard new futures portfolio managers.\
Developed the first real time monitoring and reporting system in-house to track the statistics of over\
3000 strategies globally.\
Back-tested trading strategies with portfolio managers to identify profitable trading ideas.\
IceCube Neutrino Observatory, Newark, DE\
2006.09 – 2012.02\
Research Assistant (Ph. D Student)\
Developed machine learning algorithms to reconstruct cosmic-rays.\
Processed and analyzed hundreds of GB data on a daily basis sent by satellite from South Pole.\
Performed searching for neutrinos and cosmic-rays with IceCube.\
Solved the cosmic-ray spectrum by using various machine learning methods. Completed Ph. D thesis\
“Chemical Composition of Primary Cosmic Rays with IceCube”.\
"
4,"Richard Lam\
richardlamjd@gmail.com | +852 9285-9111 | linkedin.com/in/richardlamjd\
Strong background in project management with experience leading cross-functional projects in large\
organizations; domain knowledge of supply chain operations, omnichannel retail, and digital transformation;\
significant experience in defining strategic initiatives, execution, and providing senior leadership with solutions.\
WORK HISTORY\
2019/04 – Present\
Senior PMO Manager, Digital Product Creation\
VF Asia, Hong Kong\
• Managed all aspects of digital product creation (DPC) including project governance,\
stakeholder engagement, and end-to-end project management\
• Worked with stakeholders to define, plan, and execute strategic initiatives; directly\
responsible for onboarding and equipping 40+ VF vendors with digital capabilities\
• Established program management framework and guided functional leads to manage\
schedule, resource, communications, and change\
• Provided senior leadership with overall health and status of the DPC program\
• Established program KPIs and tracked performance via Smartsheet automation\
• Coached junior team members with project management best practices\
2017/07 – 2019/03\
Senior Manager, Digital Product Development\
Li & Fung, Hong Kong\
• Drove adoption of digital product development across internal clients, converting\
traditional product development into a digital function enabled by 3D technology\
• Delivered 3D assets to brands on-time and on-budget with a design team\
• Supported the implementation of a digital collaboration platform from user\
requirement gathering to rollout\
2014/11 – 2017/06\
Innovation Consultant, Fung Academy\
Fung Group, Hong Kong & Shanghai\
• Explored new opportunities around omnichannel retailing in Explorium; designed and\
launched future digital in-store experiences in partnership with Fung Retailing Group\
• Managed experiments from ideation to execution; coordinated cross-functional\
resources to ensure objectives are achieved and/or hypothesis are (in)validated\
• Worked closely with Fung brands to develop omnichannel strategies to increase\
competitiveness in Greater China\
• Facilitated design-thinking workshops to seed a culture of innovation and change\
2008/06 – 2014/10\
Software Quality Assurance Engineer\
3D Systems Geomagic, Raleigh, NC, USA\
• Tested newly developed 3D software in an Agile environment\
• Co-created user stories with product owner to deliver product enhancements\
• Established consistent QA processes and escalation path for all risks and issues\
• Coordinated testing activities with offshore test engineers\
• Facilitated scrums and championed Agile best practices\
EDUCATION, CERTIFICATIONS, AND SKILLS\
•\
•\
•\
•\
Duke University – Master of Engineering Management, Sep ’08\
Carnegie Mellon University – Bachelors of Science in Mechanical Engineering, May ’07\
Agile Certified Practitioner (PMI), UX Diploma (General Assembly), Smartsheet Certified User\
Languages: English (native), Cantonese (proficient), Mandarin (proficient)\
"
5,"Rommel A. Mendoza\
SAP Process Orchestration Consultant\
+852 9175 1411 | rommel.arellano.mendoza@outlook.com\
Rommel is an expert Enterprise Application Integration consultant, particularly in SAP Supply Chain projects and\
application maintenance. As a leader, he can optimally organize people to deliver requirements, remove roadblocks, inspire people and turn-around projects even under undesirable circumstances.\
Rommel brings the following to the table:\
Team Leadership\
Excellent track record of leading\
teams of various sizes distributed in\
different geographical locations\
Technical Expertise\
10+ years of Enterprise Application\
Integration covering both A2A and B2B\
scenarios\
Client Engagement\
Consistent excellent customer\
engagement and satisfaction results\
Excellent Presentation Skills\
Discuss both high-level and detailed\
technical topics to various audiences\
Process Automation\
Design and develop key automation\
tools that directly result to effort\
and cost savings\
Project Management\
Excellent ability to manage project\
deliverables, resources and\
stakeholders. Greatly capable of\
traversing complex organizations\
Rommel has extensive and in-depth knowledge of SAP Process Integration/Orchestration (PI/PO), SAP B2B AddOn, Enterprise Application Integration, and global messaging standard formats such as EDIFACT and ANSI X12.\
Below is the summary of Rommel’s expertise and the relevant years of experience:\
Expertise\
Enterprise Application Integration\
SAP ERP (R/3 4.6, ECC 6.0)\
Java/C# .NET Development\
SAP Process Integration/Orchestration (3.0, 7.1, 7.31, 7.5)\
EDI Standards (ANSI X12, EDIFACT/EANCOM, GS1)\
Warehouse Management System Integration\
Supply Chain Integration\
Vendor Managed Inventory Integration\
Project Management\
SAP ABAP Proxy and RFC Development\
SAP B2B Add-on\
SAP Composite Application Framework\
Advance Business Application Programming (ABAP)\
TieCommerce eVision / NuBridges iSoft As2\
Seeburger BIC/BIS 5\
SAP BRM and BPM\
Years of Relevant Experience\
10\
10\
10\
9.5\
9\
7\
7\
6\
4\
4\
3.5\
3\
2\
2\
2\
1.5\
Rommel A. Mendoza\
SAP Process Orchestration Consultant\
Work Experience\
Vice President, Client Integration\
HSBC GBM, Global Liquidity & Cash Management, Hong Kong SAR\
January 2019 – Present\
Responsibilities\
•\
•\
•\
Manage multiple Corporate Banking Client Integration projects globally\
Automate testing procedures to improve project output and efficiency\
Provide ASP Regional guidance on integration best-practices and serve as subject matter expert\
SAP Integration Architect\
Gibson Innovations Ltd., Hong Kong SAR\
October 2015 - May 2018\
Key Achievements\
TCO Reduction\
Operational Optimization\
Minimized object redundancy from\
157 objects to 30 standardized\
objects and improved interface\
performance by up to 1600%.\
Lowered annual Application\
Management Support and EDI Vendor\
costs. Reduced EDI and WMS partner\
on-boarding turn-around time.\
Responsibilities\
•\
•\
•\
Manage SAP Technical Team (ABAP, PI/PO, Basis) located in different geographical locations\
Manage third party integration enabling vendors\
Identify key improvement areas and deploy improvement plans to address operational deficiencies\
Projects/Initiatives\
•\
SAP Process Orchestration 7.5 Upgrade\
o Migrated custom ABAP tables and RFC Lookups to SAP BRM and Java EJBs which reduced\
communication overhead by as much as 1000%\
o Defined standard iFlow templates for WMS and EDI interfaces resulting to 50% reduction in\
configuration objects\
o Designed and developed automation tools for regression testing reducing testing time by as\
much as 80%\
o Improved SAP PO Performance by 700% through interface and platform optimizations\
•\
SAP PI 7.31 EDI Solution Standardization\
o Designed and developed EDI Standard Mapping templates\
o Standardized EDI and WMS on-boarding procedures\
o Optimized long running interfaces, netting up-to 1600% reduction in processing time\
o Consolidated 157 EDI interface objects to 30 standardized objects\
Rommel A. Mendoza\
SAP Process Orchestration Consultant\
SAP Process Integration Lead\
International Business Machines (IBM), Hong Kong SAR\
October 2014 – September 2015\
Key Achievements\
Improved Client Relationship\
Licensing Cost Reduction\
Improved client relationship\
through meaningful engagement\
and showcase of technical expertise.\
Removed additional licensing cost for\
redundant components and VAN Service\
Providers.\
Responsibilities\
•\
•\
•\
•\
•\
•\
Led and managed SAP Process Integration 7.31 Implementation Projects\
Defined SAP PI 7.31 Architecture and Development Standards\
Prototyped and evaluated SAP PI add-ons/modules as part of architectural design\
Coordinated with different SAP Functional and Technical Leads for testing and issue resolution\
Liaised with Project Management Board for project updates, risk mitigation and escalation\
rd\
Provided 3 Level Support and Technical Leadership for SAP PI 7.31 Application Management Support\
Services\
Projects/Initiatives\
•\
Gibson SAP In-Tune Project\
o Led and managed development team composed of 7 developers across 3 delivery centers\
o Improved client relationship – received several commendations from customer regarding\
performance and domain expertise\
o Conducted SAP PI product training to Client IT Technical Staff\
•\
WOOX Day 2 Migration Project\
o Led and organized a team of 7 Technical Leads, 3 Project Coordinators and 19 developers\
o Defined and led Cut-over and Go-Live Strategy for 800+ SAP PI Interfaces across five\
business/application areas and 19 countries with minimal go-live issues\
o Centralized 3PL coordination resulting to efficient requirements delivery\
o Organized and carried out supplementary training on SAP PI concepts and development best\
practices\
o Defined development and configuration guidelines for SAP B2B Add-on\
EDI Consultant\
Samsonite Asia Corp., Hong Kong SAR\
January 2014 – September 2014\
Responsibilities\
•\
•\
•\
Provided global operational support for Seeburger BIS 5 and SAP Process Integration 7.1\
Designed and developed B2B Interfaces for Asia Pacific Region\
Developed custom applications as per requirements from local HK Teams\
Rommel A. Mendoza\
SAP Process Orchestration Consultant\
Technology Consultant – SAP Integration Specialist\
Hewlett Packard Asia Pacific Ltd., Philippines\
December 2007 – January 2014\
Key Achievements\
High Performance\
Thought Leadership\
Consistently granted excellent\
performance ratings year-by-year\
and gained multiple organizational\
recognition and awards.\
Institutionalized several project delivery\
models that resulted to 40% higher\
customer satisfaction scores. Led several\
initiatives that improved service delivery\
such as process automation and\
knowledge management strategies.\
Improved Client Relationships\
Turned around red-status projects\
and accounts and gained high\
customer satisfaction scores for\
efficient delivery.\
Technical Training and Onboarding\
Improved new hire training and\
onboarding by revising existing\
curriculum. This led to 35% lesser\
escalations regarding newly on-boarded\
resources.\
Responsibilities\
•\
•\
•\
•\
Provided SAP Integration Consulting Services to different HP clients (offsite and onsite)\
Provided technical leadership to team members\
Deployed best practices and development standards on SAP XI 3.0, SAP PI 7.1, and Seeburger BIC\
Led different initiatives to improve project and support delivery\
Projects/Initiatives\
•\
SAP Mobility Proof-of-Concept Implementation; Carl Zeiss AG; Project Manager\
o Successful go-live despite of minimal resources\
o Directly resulted to new billable project engagements\
•\
EDI Uplift Project; Clorox US; On-site SAP PI Architect and Technical Support Lead\
o Zero defect post go-live for projects\
o Reduced application downtime from an average of 10/month to 0.35/month\
o Reduced application support FTE from 9 to 7 through process automation and key innovations\
o Improved customer relationship – turned around EDI account status from red to green\
•\
SAP PI 7.1 Quality Services Roll-out; Procter & Gamble; Technical Services Lead\
o Created and led a new Service Line for Procter & Gamble which resulted to additional resource\
allocation\
o Co-authored initial version of SAP PI Development Standards\
•\
SAP XI 3.0 Transportation Management Integration; Procter & Gamble; Technical Lead\
o Successful on-time delivery despite of requirements mismatch\
o Gained high customer satisfaction scores by turning around the project\
•\
SAP XI 3.0 Vendor Managed Inventory Integration; Procter & Gamble; Technical Lead\
o Gained consistent high customer satisfaction scores across three deployments\
o Grew the project account by 300%\
"
